Date_reported,Continent,New_cases,Cumulative_cases,New_deaths,Cumulative_deaths,Infection_fatility_rate(percentage)
1/3/2020,EUROPE,0,0,0,0,0
1/4/2020,EUROPE,2,2,0,0,0
1/5/2020,EUROPE,-1,1,3,1,3.21
1/6/2020,EUROPE,0,1,0,1,3.21
1/7/2020,EUROPE,0,1,0,1,3.21
1/8/2020,EUROPE,1,2,0,3,3.21
1/9/2020,EUROPE,0,2,0,3,3.21
1/10/2020,EUROPE,0,2,0,3,3.21
1/11/2020,EUROPE,0,2,0,3,3.21
1/12/2020,EUROPE,0,2,0,3,3.21
1/13/2020,EUROPE,0,2,0,3,3.21
1/14/2020,EUROPE,0,2,0,3,3.21
1/15/2020,EUROPE,0,2,0,3,3.21
1/16/2020,EUROPE,0,2,0,3,3.21
1/17/2020,EUROPE,0,2,0,3,3.21
1/18/2020,EUROPE,0,2,0,3,3.21
1/19/2020,EUROPE,2,4,0,3,3.21
1/20/2020,EUROPE,0,4,0,3,3.21
1/21/2020,EUROPE,0,4,0,3,3.21
1/22/2020,EUROPE,0,4,0,3,3.21
1/23/2020,EUROPE,0,4,0,3,3.21
1/24/2020,EUROPE,0,4,0,3,3.21
1/25/2020,EUROPE,0,4,0,3,3.21
1/26/2020,EUROPE,5,9,3,6,13.1
1/27/2020,EUROPE,0,9,0,6,13.1
1/28/2020,EUROPE,0,9,0,6,13.1
1/29/2020,EUROPE,0,9,0,6,13.1
1/30/2020,EUROPE,1,10,0,6,13.1
1/31/2020,EUROPE,3,13,0,6,13.1
2/1/2020,EUROPE,3,16,1,7,13.1
2/2/2020,EUROPE,14,30,3,10,13.1
2/3/2020,EUROPE,0,30,0,10,13.1
2/4/2020,EUROPE,1,31,1,11,13.1
2/5/2020,EUROPE,20,51,0,11,13.1
2/6/2020,EUROPE,0,51,0,11,13.1
2/7/2020,EUROPE,1,52,0,11,13.1
2/8/2020,EUROPE,0,52,0,11,13.1
2/9/2020,EUROPE,32,84,0,11,13.1
2/10/2020,EUROPE,3,87,0,11,12.64
2/11/2020,EUROPE,1,88,0,11,12.5
2/12/2020,EUROPE,2,90,0,11,12.22
2/13/2020,EUROPE,13,103,0,11,10.68
2/14/2020,EUROPE,1,104,0,11,10.58
2/15/2020,EUROPE,1,105,0,11,10.48
2/16/2020,EUROPE,9,114,1,12,10.53
2/17/2020,EUROPE,0,114,0,12,10.53
2/18/2020,EUROPE,0,114,0,12,10.53
2/19/2020,EUROPE,1,115,0,12,10.43
2/20/2020,EUROPE,0,115,0,12,10.43
2/21/2020,EUROPE,0,115,0,12,10.43
2/22/2020,EUROPE,16,131,0,12,9.16
2/23/2020,EUROPE,83,214,3,15,7.01
2/24/2020,EUROPE,54,268,2,17,6.34
2/25/2020,EUROPE,105,373,4,21,5.63
2/26/2020,EUROPE,97,470,3,24,5.11
2/27/2020,EUROPE,99,569,2,26,4.57
2/28/2020,EUROPE,271,840,5,31,3.69
2/29/2020,EUROPE,288,1128,4,35,3.1
3/1/2020,EUROPE,590,1718,9,44,2.56
3/2/2020,EUROPE,603,2321,6,50,2.15
3/3/2020,EUROPE,449,2770,18,68,2.45
3/4/2020,EUROPE,620,3390,29,97,2.86
3/5/2020,EUROPE,835,4225,28,125,2.96
3/6/2020,EUROPE,1048,5273,44,169,3.21
3/7/2020,EUROPE,1133,6406,51,220,3.43
3/8/2020,EUROPE,4552,10958,79,299,2.73
3/9/2020,EUROPE,1926,12884,136,435,3.38
3/10/2020,EUROPE,2671,15555,102,537,3.45
3/11/2020,EUROPE,2162,17717,176,713,4.02
3/12/2020,EUROPE,3746,21463,210,923,4.3
3/13/2020,EUROPE,4635,26098,209,1132,4.34
3/14/2020,EUROPE,4582,30680,275,1407,4.59
3/15/2020,EUROPE,26169,56849,839,2246,3.95
3/16/2020,EUROPE,5276,62125,412,2658,4.28
3/17/2020,EUROPE,6039,68164,409,3067,4.5
3/18/2020,EUROPE,6582,74746,437,3504,4.69
3/19/2020,EUROPE,7949,82695,581,4085,4.94
3/20/2020,EUROPE,9271,91966,568,4653,5.06
3/21/2020,EUROPE,10910,102876,801,5454,5.3
3/22/2020,EUROPE,77566,180442,4939,10393,5.76
3/23/2020,EUROPE,9702,190144,896,11289,5.94
3/24/2020,EUROPE,10415,200559,905,12194,6.08
3/25/2020,EUROPE,13530,214089,1123,13317,6.22
3/26/2020,EUROPE,13809,227898,1153,14470,6.35
3/27/2020,EUROPE,15995,243893,1260,15730,6.45
3/28/2020,EUROPE,17994,261887,1620,17350,6.62
3/29/2020,EUROPE,129741,391628,11877,29227,7.46
3/30/2020,EUROPE,14645,406273,1591,30818,7.59
3/31/2020,EUROPE,14447,420720,1780,32598,7.75
4/1/2020,EUROPE,18617,439337,1982,34580,7.87
4/2/2020,EUROPE,18133,457470,2039,36619,8
4/3/2020,EUROPE,19735,477205,2288,38907,8.15
4/4/2020,EUROPE,19918,497123,2340,41247,8.3
4/5/2020,EUROPE,116043,613166,15261,56508,9.22
4/6/2020,EUROPE,17150,630316,2304,58812,9.33
4/7/2020,EUROPE,16597,646913,2484,61296,9.48
4/8/2020,EUROPE,20988,667901,2446,63742,9.54
4/9/2020,EUROPE,22476,690377,2598,66340,9.61
4/10/2020,EUROPE,21668,712045,2827,69167,9.71
4/11/2020,EUROPE,22694,734739,2614,71781,9.77
4/12/2020,EUROPE,97000,831739,14093,85874,10.32
4/13/2020,EUROPE,20703,852442,2512,88386,10.37
4/14/2020,EUROPE,18290,870732,2621,91007,10.45
4/15/2020,EUROPE,20114,890846,2585,93592,10.51
4/16/2020,EUROPE,21269,912115,2561,96153,10.54
4/17/2020,EUROPE,24994,937109,2584,98737,10.54
4/18/2020,EUROPE,24599,961708,2609,101346,10.54
4/19/2020,EUROPE,77438,1039146,11151,112497,10.83
4/20/2020,EUROPE,20951,1060097,2298,114795,10.83
4/21/2020,EUROPE,20681,1080778,2224,117019,10.83
4/22/2020,EUROPE,22344,1103122,2334,119353,10.82
4/23/2020,EUROPE,21543,1124665,2138,121491,10.8
4/24/2020,EUROPE,22506,1147171,2231,123722,10.78
4/25/2020,EUROPE,23403,1170574,2082,125804,10.75
4/26/2020,EUROPE,60529,1231103,8235,134039,10.89
4/27/2020,EUROPE,18730,1249833,1681,135720,10.86
4/28/2020,EUROPE,18945,1268778,1779,137499,10.84
4/29/2020,EUROPE,18987,1287765,1820,139319,10.82
4/30/2020,EUROPE,21849,1309614,1683,141002,10.77
5/1/2020,EUROPE,22436,1332050,1625,142627,10.71
5/2/2020,EUROPE,23116,1355166,1497,144124,10.64
5/3/2020,EUROPE,46544,1401710,5693,149817,10.69
5/4/2020,EUROPE,21138,1422848,1300,151117,10.62
5/5/2020,EUROPE,18747,1441595,1328,152445,10.57
5/6/2020,EUROPE,22183,1463778,1355,153800,10.51
5/7/2020,EUROPE,22034,1485812,1429,155229,10.45
5/8/2020,EUROPE,22247,1508059,1350,156579,10.38
5/9/2020,EUROPE,22026,1530085,1318,157897,10.32
5/10/2020,EUROPE,41050,1571135,3997,161894,10.3
5/11/2020,EUROPE,19264,1590399,1113,163007,10.25
5/12/2020,EUROPE,17355,1607754,1073,164080,10.21
5/13/2020,EUROPE,22004,1629758,980,165060,10.13
5/14/2020,EUROPE,18909,1648667,1007,166067,10.07
5/15/2020,EUROPE,20495,1669162,1084,167151,10.01
5/16/2020,EUROPE,18516,1687678,1076,168227,9.97
5/17/2020,EUROPE,35785,1723463,2805,171032,9.92
5/18/2020,EUROPE,16260,1739723,861,171893,9.88
5/19/2020,EUROPE,16301,1756024,789,172682,9.83
5/20/2020,EUROPE,17146,1773170,890,173572,9.79
5/21/2020,EUROPE,18870,1792040,843,174415,9.73
5/22/2020,EUROPE,17345,1809385,837,175252,9.69
5/23/2020,EUROPE,16466,1825851,783,176035,9.64
5/24/2020,EUROPE,34858,1860709,2142,178177,9.58
5/25/2020,EUROPE,15529,1876238,581,178758,9.53
5/26/2020,EUROPE,15011,1891249,724,179482,9.49
5/27/2020,EUROPE,15395,1906644,675,180157,9.45
5/28/2020,EUROPE,16143,1922787,749,180906,9.41
5/29/2020,EUROPE,16359,1939146,746,181652,9.37
5/30/2020,EUROPE,16384,1955530,708,182360,9.33
5/31/2020,EUROPE,32508,1988038,1756,184116,9.26
6/1/2020,EUROPE,14495,2002533,595,184711,9.22
6/2/2020,EUROPE,14581,2017114,604,185315,9.19
6/3/2020,EUROPE,14950,2032064,586,185901,9.15
6/4/2020,EUROPE,16091,2048155,612,186513,9.11
6/5/2020,EUROPE,15953,2064108,566,187079,9.06
6/6/2020,EUROPE,16114,2080222,612,187691,9.02
6/7/2020,EUROPE,30911,2111133,1306,188997,8.95
6/8/2020,EUROPE,15438,2126571,453,189450,8.91
6/9/2020,EUROPE,14536,2141107,533,189983,8.87
6/10/2020,EUROPE,14994,2156101,598,190581,8.84
6/11/2020,EUROPE,16035,2172136,532,191113,8.8
6/12/2020,EUROPE,16643,2188779,523,191636,8.76
6/13/2020,EUROPE,16288,2205067,418,192054,8.71
6/14/2020,EUROPE,32642,2237709,1069,193123,8.63
6/15/2020,EUROPE,14906,2252615,408,193531,8.59
6/16/2020,EUROPE,14971,2267586,477,194008,8.56
6/17/2020,EUROPE,15818,2283404,468,194476,8.52
6/18/2020,EUROPE,16387,2299791,480,194956,8.48
6/19/2020,EUROPE,16036,2315827,517,195473,8.44
6/20/2020,EUROPE,15783,2331610,437,195910,8.4
6/21/2020,EUROPE,34102,2365712,868,196778,8.32
6/22/2020,EUROPE,14459,2380171,321,197099,8.28
6/23/2020,EUROPE,14730,2394901,374,197473,8.25
6/24/2020,EUROPE,16077,2410978,405,197878,8.21
6/25/2020,EUROPE,17373,2428351,340,198218,8.16
6/26/2020,EUROPE,16290,2444641,419,198637,8.13
6/27/2020,EUROPE,16075,2460716,436,199073,8.09
6/28/2020,EUROPE,34502,2495218,678,199751,8.01
6/29/2020,EUROPE,14455,2509673,315,200066,7.97
6/30/2020,EUROPE,13662,2523335,349,200415,7.94
7/1/2020,EUROPE,24700,2548035,427,200842,7.88
7/2/2020,EUROPE,15547,2563582,375,201217,7.85
7/3/2020,EUROPE,16003,2579585,397,201614,7.82
7/4/2020,EUROPE,15662,2595247,386,202000,7.78
7/5/2020,EUROPE,33808,2629055,716,202716,7.71
7/6/2020,EUROPE,13907,2642962,322,203038,7.68
7/7/2020,EUROPE,13453,2656415,379,203417,7.66
7/8/2020,EUROPE,14956,2671371,402,203819,7.63
7/9/2020,EUROPE,16145,2687516,402,204221,7.6
7/10/2020,EUROPE,15957,2703473,386,204607,7.57
7/11/2020,EUROPE,16157,2719630,413,205020,7.54
7/12/2020,EUROPE,37249,2756879,664,205684,7.46
7/13/2020,EUROPE,14321,2771200,272,205956,7.43
7/14/2020,EUROPE,14471,2785671,342,206298,7.41
7/15/2020,EUROPE,15742,2801413,353,206651,7.38
7/16/2020,EUROPE,16264,2817677,337,206988,7.35
7/17/2020,EUROPE,16535,2834212,381,207369,7.32
7/18/2020,EUROPE,15983,2850195,286,207655,7.29
7/19/2020,EUROPE,43668,2893863,576,208231,7.2
7/20/2020,EUROPE,13761,2907624,444,208675,7.18
7/21/2020,EUROPE,14322,2921946,304,208979,7.15
7/22/2020,EUROPE,16246,2938192,358,209337,7.12
7/23/2020,EUROPE,16580,2954772,314,209651,7.1
7/24/2020,EUROPE,17096,2971868,333,209984,7.07
7/25/2020,EUROPE,16865,2988733,301,210285,7.04
7/26/2020,EUROPE,52325,3041058,616,210901,6.94
7/27/2020,EUROPE,13881,3054939,227,211128,6.91
7/28/2020,EUROPE,15012,3069951,315,211443,6.89
7/29/2020,EUROPE,23499,3093450,530,211973,6.85
7/30/2020,EUROPE,23772,3117222,295,212268,6.81
7/31/2020,EUROPE,23984,3141206,354,212622,6.77
8/1/2020,EUROPE,22712,3163918,260,212882,6.73
8/2/2020,EUROPE,74858,3238776,696,213578,6.59
8/3/2020,EUROPE,20664,3259440,539,214117,6.57
8/4/2020,EUROPE,20947,3280387,302,214419,6.54
8/5/2020,EUROPE,24799,3305186,323,214742,6.5
8/6/2020,EUROPE,24975,3330161,299,215041,6.46
8/7/2020,EUROPE,24745,3354906,302,215343,6.42
8/8/2020,EUROPE,24789,3379695,299,215642,6.38
8/9/2020,EUROPE,86361,3466056,779,216421,6.24
8/10/2020,EUROPE,20302,3486358,546,216967,6.22
8/11/2020,EUROPE,20085,3506443,288,217255,6.2
8/12/2020,EUROPE,24667,3531110,314,217569,6.16
8/13/2020,EUROPE,24233,3555343,301,217870,6.13
8/14/2020,EUROPE,24220,3579563,319,218189,6.1
8/15/2020,EUROPE,23882,3603445,304,218493,6.06
8/16/2020,EUROPE,107816,3711261,993,219486,5.91
8/17/2020,EUROPE,19739,3731000,424,219910,5.89
8/18/2020,EUROPE,19398,3750398,287,220197,5.87
8/19/2020,EUROPE,23072,3773470,276,220473,5.84
8/20/2020,EUROPE,24124,3797594,280,220753,5.81
8/21/2020,EUROPE,24170,3821764,269,221022,5.78
8/22/2020,EUROPE,24669,3846433,304,221326,5.75
8/23/2020,EUROPE,132912,3979345,918,222244,5.58
8/24/2020,EUROPE,20388,3999733,366,222610,5.57
8/25/2020,EUROPE,21009,4020742,281,222891,5.54
8/26/2020,EUROPE,23957,4044699,317,223208,5.52
8/27/2020,EUROPE,24769,4069468,306,223514,5.49
8/28/2020,EUROPE,25581,4095049,275,223789,5.46
8/29/2020,EUROPE,25144,4120193,277,224066,5.44
8/30/2020,EUROPE,156083,4276276,1141,225207,5.27
8/31/2020,EUROPE,21789,4298065,330,225537,5.25
9/1/2020,EUROPE,21743,4319808,303,225840,5.23
9/2/2020,EUROPE,23688,4343496,346,226186,5.21
9/3/2020,EUROPE,27835,4371331,318,226504,5.18
9/4/2020,EUROPE,28671,4400002,334,226838,5.16
9/5/2020,EUROPE,29431,4429433,302,227140,5.13
9/6/2020,EUROPE,181842,4611275,1326,228466,4.95
9/7/2020,EUROPE,24985,4636260,299,228765,4.93
9/8/2020,EUROPE,26093,4662353,314,229079,4.91
9/9/2020,EUROPE,30500,4692853,349,229428,4.89
9/10/2020,EUROPE,31746,4724599,345,229773,4.86
9/11/2020,EUROPE,32488,4757087,312,230085,4.84
9/12/2020,EUROPE,33197,4790284,322,230407,4.81
9/13/2020,EUROPE,214220,5004504,1584,231991,4.64
9/14/2020,EUROPE,27975,5032479,315,232306,4.62
9/15/2020,EUROPE,28911,5061390,360,232666,4.6
9/16/2020,EUROPE,35748,5097138,408,233074,4.57
9/17/2020,EUROPE,36156,5133294,410,233484,4.55
9/18/2020,EUROPE,39895,5173189,375,233859,4.52
9/19/2020,EUROPE,39130,5212319,413,234272,4.49
9/20/2020,EUROPE,251426,5463745,2252,236524,4.33
9/21/2020,EUROPE,32321,5496066,341,236865,4.31
9/22/2020,EUROPE,33457,5529523,421,237286,4.29
9/23/2020,EUROPE,41572,5571095,421,237707,4.27
9/24/2020,EUROPE,44722,5615817,470,238177,4.24
9/25/2020,EUROPE,47798,5663615,443,238620,4.21
9/26/2020,EUROPE,49673,5713288,469,239089,4.18
9/27/2020,EUROPE,256304,5969592,2527,241616,4.05
9/28/2020,EUROPE,38296,6007888,378,241994,4.03
9/29/2020,EUROPE,36019,6043907,460,242454,4.01
9/30/2020,EUROPE,48276,6092183,538,242992,3.99
10/1/2020,EUROPE,56521,6148704,501,243493,3.96
10/2/2020,EUROPE,60403,6209107,568,244061,3.93
10/3/2020,EUROPE,61848,6270955,550,244611,3.9
10/4/2020,EUROPE,282789,6553744,2711,247322,3.77
10/5/2020,EUROPE,50137,6603881,530,247852,3.75
10/6/2020,EUROPE,54770,6658651,554,248406,3.73
10/7/2020,EUROPE,67224,6725875,687,249093,3.7
10/8/2020,EUROPE,73006,6798881,717,249810,3.67
10/9/2020,EUROPE,79192,6878073,686,250496,3.64
10/10/2020,EUROPE,84160,6962233,708,251204,3.61
10/11/2020,EUROPE,395723,7357956,3397,254601,3.46
10/12/2020,EUROPE,64522,7422478,615,255216,3.44
10/13/2020,EUROPE,66476,7488954,807,256023,3.42
10/14/2020,EUROPE,90220,7579174,836,256859,3.39
10/15/2020,EUROPE,100378,7679552,941,257800,3.36
10/16/2020,EUROPE,105797,7785349,942,258742,3.32
10/17/2020,EUROPE,108403,7893752,1035,259777,3.29
10/18/2020,EUROPE,532990,8426742,4429,264206,3.14
10/19/2020,EUROPE,91864,8518606,924,265130,3.11
10/20/2020,EUROPE,89839,8608445,1022,266152,3.09
10/21/2020,EUROPE,125085,8733530,1207,267359,3.06
10/22/2020,EUROPE,142864,8876394,1278,268637,3.03
10/23/2020,EUROPE,146948,9023342,1415,270052,2.99
10/24/2020,EUROPE,152279,9175621,1346,271398,2.96
10/25/2020,EUROPE,780508,9956129,6907,278305,2.8
10/26/2020,EUROPE,122767,10078896,1368,279673,2.77
10/27/2020,EUROPE,115982,10194878,1471,281144,2.76
10/28/2020,EUROPE,166073,10360951,1761,282905,2.73
10/29/2020,EUROPE,174535,10535486,1916,284821,2.7
10/30/2020,EUROPE,177569,10713055,1985,286806,2.68
10/31/2020,EUROPE,184403,10897458,1959,288765,2.65
11/1/2020,EUROPE,955136,11852594,10961,299726,2.53
11/2/2020,EUROPE,140591,11993185,1905,301631,2.52
11/3/2020,EUROPE,135512,12128697,1999,303630,2.5
11/4/2020,EUROPE,187908,12316605,2470,306100,2.49
11/5/2020,EUROPE,194944,12511549,2464,308564,2.47
11/6/2020,EUROPE,198455,12710004,2638,311202,2.45
11/7/2020,EUROPE,201116,12911120,2830,314032,2.43
11/8/2020,EUROPE,952540,13863660,14676,328708,2.37
11/9/2020,EUROPE,157536,14021196,2312,331020,2.36
11/10/2020,EUROPE,150738,14171934,2517,333537,2.35
11/11/2020,EUROPE,192356,14364290,3098,336635,2.34
11/12/2020,EUROPE,195012,14559302,3195,339830,2.33
11/13/2020,EUROPE,194493,14753795,2934,342764,2.32
11/14/2020,EUROPE,199799,14953594,3057,345821,2.31
11/15/2020,EUROPE,814449,15768043,16928,362749,2.3
11/16/2020,EUROPE,156550,15924593,2800,365549,2.3
11/17/2020,EUROPE,152161,16076754,2799,368348,2.29
11/18/2020,EUROPE,176719,16253473,3271,371619,2.29
11/19/2020,EUROPE,185126,16438599,3548,375167,2.28
11/20/2020,EUROPE,191501,16630100,3530,378697,2.28
11/21/2020,EUROPE,184692,16814792,3584,382281,2.27
11/22/2020,EUROPE,735090,17549882,18727,401008,2.28
11/23/2020,EUROPE,143636,17693518,3015,404023,2.28
11/24/2020,EUROPE,132318,17825836,3636,407659,2.29
11/25/2020,EUROPE,161454,17987290,3937,411596,2.29
11/26/2020,EUROPE,174042,18161332,3648,415244,2.29
11/27/2020,EUROPE,193974,18355306,3782,419026,2.28
11/28/2020,EUROPE,187918,18543224,3817,422843,2.28
11/29/2020,EUROPE,659865,19203089,17974,440817,2.3
11/30/2020,EUROPE,141515,19344604,3003,443820,2.29
12/1/2020,EUROPE,144793,19489397,3613,447433,2.3
12/2/2020,EUROPE,171124,19660521,3926,451359,2.3
12/3/2020,EUROPE,183730,19844251,3731,455090,2.29
12/4/2020,EUROPE,187666,20031917,4013,459103,2.29
12/5/2020,EUROPE,189112,20221029,3819,462922,2.29
12/6/2020,EUROPE,642281,20863310,18002,480924,2.31
12/7/2020,EUROPE,141070,21004380,2901,483825,2.3
12/8/2020,EUROPE,148387,21152767,3239,487064,2.3
12/9/2020,EUROPE,179798,21332565,3740,490804,2.3
12/10/2020,EUROPE,187434,21519999,3445,494249,2.3
12/11/2020,EUROPE,187528,21707527,3938,498187,2.29
12/12/2020,EUROPE,190263,21897790,3813,502000,2.29
12/13/2020,EUROPE,680367,22578157,19064,521064,2.31
12/14/2020,EUROPE,143411,22721568,2976,524040,2.31
12/15/2020,EUROPE,151935,22873503,3318,527358,2.31
12/16/2020,EUROPE,193075,23066578,4130,531488,2.3
12/17/2020,EUROPE,197195,23263773,3770,535258,2.3
12/18/2020,EUROPE,196673,23460446,3731,538989,2.3
12/19/2020,EUROPE,189550,23649996,3878,542867,2.3
12/20/2020,EUROPE,725238,24375234,19106,561973,2.31
12/21/2020,EUROPE,137711,24512945,3025,564998,2.3
12/22/2020,EUROPE,153498,24666443,3232,568230,2.3
12/23/2020,EUROPE,187412,24853855,3783,572013,2.3
12/24/2020,EUROPE,201138,25054993,3842,575855,2.3
12/25/2020,EUROPE,174673,25229666,3330,579185,2.3
12/26/2020,EUROPE,145230,25374896,3067,582252,2.29
12/27/2020,EUROPE,575191,25950087,16567,598819,2.31
12/28/2020,EUROPE,128943,26079030,2990,601809,2.31
12/29/2020,EUROPE,162360,26241390,3484,605293,2.31
12/30/2020,EUROPE,183668,26425058,3991,609284,2.31
12/31/2020,EUROPE,236181,26661239,3919,613203,2.3
1/1/2021,EUROPE,215586,26876825,3755,616958,2.3
1/2/2021,EUROPE,161657,27038482,3048,620006,2.29
1/3/2021,EUROPE,605257,27643739,16754,636760,2.3
1/4/2021,EUROPE,151893,27795632,3122,639882,2.3
1/5/2021,EUROPE,177663,27973295,3214,643096,2.3
1/6/2021,EUROPE,223220,28196515,3852,646948,2.29
1/7/2021,EUROPE,211738,28408253,3520,650468,2.29
1/8/2021,EUROPE,192068,28600321,3543,654011,2.29
1/9/2021,EUROPE,184422,28784743,3837,657848,2.29
1/10/2021,EUROPE,780747,29565490,17502,675350,2.28
1/11/2021,EUROPE,134744,29700234,3142,678492,2.28
1/12/2021,EUROPE,142581,29842815,3721,682213,2.29
1/13/2021,EUROPE,174295,30017110,4185,686398,2.29
1/14/2021,EUROPE,171515,30188625,4027,690425,2.29
1/15/2021,EUROPE,158584,30347209,4020,694445,2.29
1/16/2021,EUROPE,150186,30497395,3920,698365,2.29
1/17/2021,EUROPE,793232,31290627,18175,716540,2.29
1/18/2021,EUROPE,105380,31396007,3422,719962,2.29
1/19/2021,EUROPE,112993,31509000,3737,723699,2.3
1/20/2021,EUROPE,139557,31648557,4252,727951,2.3
1/21/2021,EUROPE,139038,31787595,4206,732157,2.3
1/22/2021,EUROPE,130450,31918045,3956,736113,2.31
1/23/2021,EUROPE,125075,32043120,3810,739923,2.31
1/24/2021,EUROPE,757525,32800645,18747,758670,2.31
1/25/2021,EUROPE,87062,32887707,3094,761764,2.32
1/26/2021,EUROPE,90702,32978409,3592,765356,2.32
1/27/2021,EUROPE,119233,33097642,3869,769225,2.32
1/28/2021,EUROPE,122985,33220627,3645,772870,2.33
1/29/2021,EUROPE,115933,33336560,3614,776484,2.33
1/30/2021,EUROPE,113961,33450521,3540,780024,2.33
1/31/2021,EUROPE,679539,34130060,17356,797380,2.34
2/1/2021,EUROPE,80770,34210830,2683,800063,2.34
2/2/2021,EUROPE,87967,34298797,3031,803094,2.34
2/3/2021,EUROPE,108201,34406998,3441,806535,2.34
2/4/2021,EUROPE,110624,34517622,3387,809922,2.35
2/5/2021,EUROPE,107302,34624924,3180,813102,2.35
2/6/2021,EUROPE,105677,34730601,2839,815941,2.35
2/7/2021,EUROPE,545622,35276223,14974,830915,2.36
2/8/2021,EUROPE,73443,35349666,2360,833275,2.36
2/9/2021,EUROPE,81001,35430667,2690,835965,2.36
2/10/2021,EUROPE,99565,35530232,3001,838966,2.36
2/11/2021,EUROPE,101675,35631907,2972,841938,2.36
2/12/2021,EUROPE,99925,35731832,2722,844660,2.36
2/13/2021,EUROPE,96906,35828738,2595,847255,2.36
2/14/2021,EUROPE,431771,36260509,12210,859465,2.37
2/15/2021,EUROPE,66549,36327058,1983,861448,2.37
2/16/2021,EUROPE,74019,36401077,2310,863758,2.37
2/17/2021,EUROPE,98476,36499553,2548,866306,2.37
2/18/2021,EUROPE,100268,36599821,2484,868790,2.37
2/19/2021,EUROPE,100453,36700274,2362,871152,2.37
2/20/2021,EUROPE,101594,36801868,2437,873589,2.37
2/21/2021,EUROPE,425049,37226917,10175,883764,2.37
2/22/2021,EUROPE,73343,37300260,1759,885523,2.37
2/23/2021,EUROPE,82383,37382643,2084,887607,2.37
2/24/2021,EUROPE,112283,37494926,2311,889918,2.37
2/25/2021,EUROPE,112555,37607481,2203,892121,2.37
2/26/2021,EUROPE,116294,37723775,2203,894324,2.37
2/27/2021,EUROPE,115760,37839535,2176,896500,2.37
2/28/2021,EUROPE,456708,38296243,9033,905533,2.36
3/1/2021,EUROPE,79682,38375925,1671,907204,2.36
3/2/2021,EUROPE,89192,38465117,2040,909244,2.36
3/3/2021,EUROPE,121642,38586759,2287,911531,2.36
3/4/2021,EUROPE,125961,38712720,2185,913716,2.36
3/5/2021,EUROPE,125153,38837873,2175,915891,2.36
3/6/2021,EUROPE,124111,38961984,2015,917906,2.36
3/7/2021,EUROPE,482073,39444057,8504,926410,2.35
3/8/2021,EUROPE,83080,39527137,1582,927992,2.35
3/9/2021,EUROPE,94625,39621762,2109,930101,2.35
3/10/2021,EUROPE,127623,39749385,2403,932504,2.35
3/11/2021,EUROPE,136326,39885711,2298,934802,2.34
3/12/2021,EUROPE,135420,40021131,2274,937076,2.34
3/13/2021,EUROPE,143607,40164738,2310,939386,2.34
3/14/2021,EUROPE,544324,40709062,8485,947871,2.33
3/15/2021,EUROPE,97360,40806422,1724,949595,2.33
3/16/2021,EUROPE,103583,40910005,2215,951810,2.33
3/17/2021,EUROPE,141064,41051069,2530,954340,2.32
3/18/2021,EUROPE,149368,41200437,2319,956659,2.32
3/19/2021,EUROPE,153135,41353572,2418,959077,2.32
3/20/2021,EUROPE,153374,41506946,2235,961312,2.32
3/21/2021,EUROPE,652805,42159751,9161,970473,2.3
3/22/2021,EUROPE,108386,42268137,4043,974516,2.31
3/23/2021,EUROPE,122788,42390925,2405,976921,2.3
3/24/2021,EUROPE,156624,42547549,2828,979749,2.3
3/25/2021,EUROPE,167519,42715068,2597,982346,2.3
3/26/2021,EUROPE,170019,42885087,2528,984874,2.3
3/27/2021,EUROPE,165469,43050556,2467,987341,2.29
3/28/2021,EUROPE,771056,43821612,9838,997179,2.28
3/29/2021,EUROPE,117266,43938878,1781,998960,2.27
3/30/2021,EUROPE,123455,44062333,2531,1001491,2.27
3/31/2021,EUROPE,163846,44226179,3136,1004627,2.27
4/1/2021,EUROPE,177201,44403380,2697,1007324,2.27
4/2/2021,EUROPE,170463,44573843,2700,1010024,2.27
4/3/2021,EUROPE,164472,44738315,2659,1012683,2.26
4/4/2021,EUROPE,771880,45510195,10753,1023436,2.25
4/5/2021,EUROPE,115916,45626111,2017,1025453,2.25
4/6/2021,EUROPE,102871,45728982,1876,1027329,2.25
4/7/2021,EUROPE,128913,45857895,2838,1030167,2.25
4/8/2021,EUROPE,167261,46025156,3361,1033528,2.25
4/9/2021,EUROPE,174097,46199253,3075,1036603,2.24
4/10/2021,EUROPE,168606,46367859,3183,1039786,2.24
4/11/2021,EUROPE,760058,47127917,11239,1051025,2.23
4/12/2021,EUROPE,123131,47251048,2035,1053060,2.23
4/13/2021,EUROPE,122396,47373444,2540,1055600,2.23
4/14/2021,EUROPE,156362,47529806,3054,1058654,2.23
4/15/2021,EUROPE,163331,47693137,2867,1061521,2.23
4/16/2021,EUROPE,158402,47851539,2717,1064238,2.22
4/17/2021,EUROPE,153816,48005355,2689,1066927,2.22
4/18/2021,EUROPE,752074,48757429,10939,1077866,2.21
4/19/2021,EUROPE,115579,48873008,2091,1079957,2.21
4/20/2021,EUROPE,115079,48988087,2526,1082483,2.21
4/21/2021,EUROPE,144797,49132884,2919,1085402,2.21
4/22/2021,EUROPE,148870,49281754,2750,1088152,2.21
4/23/2021,EUROPE,138693,49420447,2533,1090685,2.21
4/24/2021,EUROPE,126817,49547264,2478,1093163,2.21
4/25/2021,EUROPE,676130,50223394,10548,1103711,2.2
4/26/2021,EUROPE,89856,50313250,1882,1105593,2.2
4/27/2021,EUROPE,88372,50401622,2300,1107893,2.2
4/28/2021,EUROPE,112988,50514610,2612,1110505,2.2
4/29/2021,EUROPE,115490,50630100,2377,1112882,2.2
4/30/2021,EUROPE,107516,50737616,2283,1115165,2.2
5/1/2021,EUROPE,98779,50836395,2222,1117387,2.2
5/2/2021,EUROPE,558750,51395145,9226,1126613,2.19
5/3/2021,EUROPE,66589,51461734,1609,1128222,2.19
5/4/2021,EUROPE,63232,51524966,1615,1129837,2.19
5/5/2021,EUROPE,85887,51610853,2024,1131861,2.19
5/6/2021,EUROPE,88811,51699664,2136,1133997,2.19
5/7/2021,EUROPE,83488,51783152,1954,1135951,2.19
5/8/2021,EUROPE,76845,51859997,1822,1137773,2.19
5/9/2021,EUROPE,441367,52301364,7782,1145555,2.19
5/10/2021,EUROPE,52548,52353912,1488,1147043,2.19
5/11/2021,EUROPE,51309,52405221,1623,1148666,2.19
5/12/2021,EUROPE,63742,52468963,1763,1150429,2.19
5/13/2021,EUROPE,62011,52530974,1719,1152148,2.19
5/14/2021,EUROPE,58692,52589666,1561,1153709,2.19
5/15/2021,EUROPE,52971,52642637,1561,1155270,2.19
5/16/2021,EUROPE,342182,52984819,6011,1161281,2.19
5/17/2021,EUROPE,42479,53027298,1161,1162442,2.19
5/18/2021,EUROPE,41204,53068502,1335,1163777,2.19
5/19/2021,EUROPE,52314,53120816,1501,1165278,2.19
5/20/2021,EUROPE,53282,53174098,1367,1166645,2.19
5/21/2021,EUROPE,49243,53223341,1270,1167915,2.19
5/22/2021,EUROPE,46494,53269835,1323,1169238,2.19
5/23/2021,EUROPE,292403,53562238,4802,1174040,2.19
5/24/2021,EUROPE,33127,53595365,874,1174914,2.19
5/25/2021,EUROPE,32678,53628043,1063,1175977,2.19
5/26/2021,EUROPE,39678,53667721,1268,1177245,2.19
5/27/2021,EUROPE,41318,53709039,1080,1178325,2.19
5/28/2021,EUROPE,40179,53749218,1120,1179445,2.19
5/29/2021,EUROPE,38376,53787594,1022,1180467,2.19
5/30/2021,EUROPE,219629,54007223,3952,1184419,2.19
5/31/2021,EUROPE,32842,54040065,944,1185363,2.19
6/1/2021,EUROPE,31949,54072014,926,1186289,2.19
6/2/2021,EUROPE,36119,54108133,950,1187239,2.19
6/3/2021,EUROPE,36553,54144686,891,1188130,2.19
6/4/2021,EUROPE,34571,54179257,858,1188988,2.19
6/5/2021,EUROPE,34962,54214219,920,1189908,2.19
6/6/2021,EUROPE,173590,54387809,2745,1192653,2.19
6/7/2021,EUROPE,28022,54415831,847,1193500,2.19
6/8/2021,EUROPE,29335,54445166,827,1194327,2.19
6/9/2021,EUROPE,35964,54481130,1145,1195472,2.19
6/10/2021,EUROPE,37302,54518432,977,1196449,2.19
6/11/2021,EUROPE,37190,54555622,911,1197360,2.19
6/12/2021,EUROPE,37125,54592747,836,1198196,2.19
6/13/2021,EUROPE,136372,54729119,2183,1200379,2.19
6/14/2021,EUROPE,31540,54760659,696,1201075,2.19
6/15/2021,EUROPE,33020,54793679,681,1201756,2.19
6/16/2021,EUROPE,36757,54830436,836,1202592,2.19
6/17/2021,EUROPE,38710,54869146,829,1203421,2.19
6/18/2021,EUROPE,43626,54912772,796,1204217,2.19
6/19/2021,EUROPE,41906,54954678,788,1205005,2.19
6/20/2021,EUROPE,112944,55067622,1806,1206811,2.19
6/21/2021,EUROPE,35727,55103349,712,1207523,2.19
6/22/2021,EUROPE,37915,55141264,820,1208343,2.19
6/23/2021,EUROPE,46583,55187847,829,1209172,2.19
6/24/2021,EUROPE,50767,55238614,901,1210073,2.19
6/25/2021,EUROPE,50967,55289581,944,1211017,2.19
6/26/2021,EUROPE,53005,55342586,979,1211996,2.19
6/27/2021,EUROPE,127936,55470522,1919,1213915,2.19
6/28/2021,EUROPE,48692,55519214,918,1214833,2.19
6/29/2021,EUROPE,50889,55570103,911,1215744,2.19
6/30/2021,EUROPE,63234,55633337,1157,1216901,2.19
7/1/2021,EUROPE,67311,55700648,1023,1217924,2.19
7/2/2021,EUROPE,67305,55767953,901,1218825,2.19
7/3/2021,EUROPE,68426,55836379,918,1219743,2.18
7/4/2021,EUROPE,208713,56045092,1567,1221310,2.18
7/5/2021,EUROPE,62204,56107296,991,1222301,2.18
7/6/2021,EUROPE,62974,56170270,944,1223245,2.18
7/7/2021,EUROPE,75358,56245628,919,1224164,2.18
7/8/2021,EUROPE,78320,56323948,973,1225137,2.18
7/9/2021,EUROPE,82644,56406592,951,1226088,2.17
7/10/2021,EUROPE,78595,56485187,960,1227048,2.17
7/11/2021,EUROPE,342324,56827511,1622,1228670,2.16
7/12/2021,EUROPE,71237,56898748,1096,1229766,2.16
7/13/2021,EUROPE,74601,56973349,928,1230694,2.16
7/14/2021,EUROPE,91410,57064759,970,1231664,2.16
7/15/2021,EUROPE,98892,57163651,976,1232640,2.16
7/16/2021,EUROPE,108159,57271810,958,1233598,2.15
7/17/2021,EUROPE,115660,57387470,959,1234557,2.15
7/18/2021,EUROPE,473480,57860950,1582,1236139,2.14
7/19/2021,EUROPE,89127,57950077,1235,1237374,2.14
7/20/2021,EUROPE,87542,58037619,1004,1238378,2.13
7/21/2021,EUROPE,103505,58141124,995,1239373,2.13
7/22/2021,EUROPE,97463,58238587,1004,1240377,2.13
7/23/2021,EUROPE,94279,58332866,995,1241372,2.13
7/24/2021,EUROPE,93157,58426023,1010,1242382,2.13
7/25/2021,EUROPE,507491,58933514,1991,1244373,2.11
7/26/2021,EUROPE,82803,59016317,1463,1245836,2.11
7/27/2021,EUROPE,86911,59103228,999,1246835,2.11
7/28/2021,EUROPE,100236,59203464,1042,1247877,2.11
7/29/2021,EUROPE,105988,59309452,1026,1248903,2.11
7/30/2021,EUROPE,106918,59416370,1046,1249949,2.1
7/31/2021,EUROPE,106937,59523307,1050,1250999,2.1
8/1/2021,EUROPE,500302,60023609,2387,1253386,2.09
8/2/2021,EUROPE,90856,60114465,1036,1254422,2.09
8/3/2021,EUROPE,95700,60210165,1936,1256358,2.09
8/4/2021,EUROPE,110288,60320453,1113,1257471,2.08
8/5/2021,EUROPE,115727,60436180,1114,1258585,2.08
8/6/2021,EUROPE,116165,60552345,1136,1259721,2.08
8/7/2021,EUROPE,115095,60667440,1143,1260864,2.08
8/8/2021,EUROPE,478528,61145968,2787,1263651,2.07
8/9/2021,EUROPE,98053,61244021,1998,1265649,2.07
8/10/2021,EUROPE,106075,61350096,1127,1266776,2.06
8/11/2021,EUROPE,122440,61472536,1173,1267949,2.06
8/12/2021,EUROPE,126189,61598725,1180,1269129,2.06
8/13/2021,EUROPE,124526,61723251,1200,1270329,2.06
8/14/2021,EUROPE,121576,61844827,1261,1271590,2.06
8/15/2021,EUROPE,476208,62321035,3245,1274835,2.05
8/16/2021,EUROPE,102233,62423268,2141,1276976,2.05
8/17/2021,EUROPE,108965,62532233,1244,1278220,2.04
8/18/2021,EUROPE,129027,62661260,1273,1279493,2.04
8/19/2021,EUROPE,132120,62793380,1327,1280820,2.04
8/20/2021,EUROPE,131109,62924489,1321,1282141,2.04
8/21/2021,EUROPE,130093,63054582,1385,1283526,2.04
8/22/2021,EUROPE,468343,63522925,3990,1287516,2.03
8/23/2021,EUROPE,106560,63629485,2299,1289815,2.03
8/24/2021,EUROPE,114263,63743748,1414,1291229,2.03
8/25/2021,EUROPE,132559,63876307,1452,1292681,2.02
8/26/2021,EUROPE,134064,64010371,1482,1294163,2.02
8/27/2021,EUROPE,133785,64144156,1443,1295606,2.02
8/28/2021,EUROPE,130864,64275020,1498,1297104,2.02
8/29/2021,EUROPE,445826,64720846,4149,1301253,2.01
8/30/2021,EUROPE,104746,64825592,1512,1302765,2.01
8/31/2021,EUROPE,112304,64937896,2606,1305371,2.01
9/1/2021,EUROPE,126879,65064775,1537,1306908,2.01
9/2/2021,EUROPE,145701,65210476,1564,1308472,2.01
9/3/2021,EUROPE,143283,65353759,1635,1310107,2
9/4/2021,EUROPE,139422,65493181,1618,1311725,2
9/5/2021,EUROPE,411562,65904743,4478,1316203,2
9/6/2021,EUROPE,107545,66012288,2260,1318463,2
9/7/2021,EUROPE,116031,66128319,1594,1320057,2
9/8/2021,EUROPE,135405,66263724,1655,1321712,1.99
9/9/2021,EUROPE,130354,66394078,1670,1323382,1.99
9/10/2021,EUROPE,130565,66524643,1644,1325026,1.99
9/11/2021,EUROPE,132698,66657341,1646,1326672,1.99
9/12/2021,EUROPE,371531,67028872,4288,1330960,1.99
9/13/2021,EUROPE,106321,67135193,2149,1333109,1.99
9/14/2021,EUROPE,113423,67248616,1539,1334648,1.98
9/15/2021,EUROPE,135555,67384171,1674,1336322,1.98
9/16/2021,EUROPE,135926,67520097,1705,1338027,1.98
9/17/2021,EUROPE,128392,67648489,1669,1339696,1.98
9/18/2021,EUROPE,127748,67776237,1675,1341371,1.98
9/19/2021,EUROPE,358744,68134981,4587,1345958,1.98
9/20/2021,EUROPE,111084,68246065,1984,1347942,1.98
9/21/2021,EUROPE,120612,68366677,1671,1349613,1.97
9/22/2021,EUROPE,138439,68505116,1770,1351383,1.97
9/23/2021,EUROPE,141696,68646812,1785,1353168,1.97
9/24/2021,EUROPE,136845,68783657,1778,1354946,1.97
9/25/2021,EUROPE,133066,68916723,1761,1356707,1.97
9/26/2021,EUROPE,339800,69256523,4489,1361196,1.97
9/27/2021,EUROPE,113198,69369721,1584,1362780,1.96
9/28/2021,EUROPE,121695,69491416,1721,1364501,1.96
9/29/2021,EUROPE,143813,69635229,1865,1366366,1.96
9/30/2021,EUROPE,145018,69780247,1910,1368276,1.96
10/1/2021,EUROPE,144687,69924934,1859,1370135,1.96
10/2/2021,EUROPE,138279,70063213,1828,1371963,1.96
10/3/2021,EUROPE,366298,70429511,5041,1377004,1.96
10/4/2021,EUROPE,117540,70547051,1761,1378765,1.95
10/5/2021,EUROPE,127456,70674507,1781,1380546,1.95
10/6/2021,EUROPE,154950,70829457,1981,1382527,1.95
10/7/2021,EUROPE,156055,70985512,2045,1384572,1.95
10/8/2021,EUROPE,154031,71139543,2031,1386603,1.95
10/9/2021,EUROPE,153200,71292743,2125,1388728,1.95
10/10/2021,EUROPE,411279,71704022,5822,1394550,1.94
10/11/2021,EUROPE,130096,71834118,1875,1396425,1.94
10/12/2021,EUROPE,139988,71974106,1980,1398405,1.94
10/13/2021,EUROPE,176221,72150327,2247,1400652,1.94
10/14/2021,EUROPE,176448,72326775,2290,1402942,1.94
10/15/2021,EUROPE,175406,72502181,2165,1405107,1.94
10/16/2021,EUROPE,175494,72677675,2204,1407311,1.94
10/17/2021,EUROPE,474194,73151869,6388,1413699,1.93
10/18/2021,EUROPE,145870,73297739,2121,1415820,1.93
10/19/2021,EUROPE,161548,73459287,2141,1417961,1.93
10/20/2021,EUROPE,203414,73662701,2501,1420462,1.93
10/21/2021,EUROPE,204035,73866736,2342,1422804,1.93
10/22/2021,EUROPE,199853,74066589,2420,1425224,1.92
10/23/2021,EUROPE,193499,74260088,2307,1427531,1.92
10/24/2021,EUROPE,606437,74866525,8764,1436295,1.92
10/25/2021,EUROPE,161253,75027778,2387,1438682,1.92
10/26/2021,EUROPE,163148,75190926,2416,1441098,1.92
10/27/2021,EUROPE,209016,75399942,2697,1443795,1.91
10/28/2021,EUROPE,207293,75607235,2763,1446558,1.91
10/29/2021,EUROPE,201777,75809012,2690,1449248,1.91
10/30/2021,EUROPE,199740,76008752,2686,1451934,1.91
10/31/2021,EUROPE,704611,76713363,9834,1461768,1.91
11/1/2021,EUROPE,170588,76883951,2603,1464371,1.9
11/2/2021,EUROPE,169117,77053068,2485,1466856,1.9
11/3/2021,EUROPE,204629,77257697,2981,1469837,1.9
11/4/2021,EUROPE,224399,77482096,3027,1472864,1.9
11/5/2021,EUROPE,224901,77706997,2994,1475858,1.9
11/6/2021,EUROPE,214038,77921035,2886,1478744,1.9
11/7/2021,EUROPE,792421,78713456,11284,1490028,1.89
11/8/2021,EUROPE,179525,78892981,2630,1492658,1.89
11/9/2021,EUROPE,187236,79080217,2821,1495479,1.89
11/10/2021,EUROPE,239190,79319407,3201,1498680,1.89
11/11/2021,EUROPE,243993,79563400,3085,1501765,1.89
11/12/2021,EUROPE,228821,79792221,2872,1504637,1.89
11/13/2021,EUROPE,213168,80005389,2916,1507553,1.88
11/14/2021,EUROPE,953522,80958911,12499,1520052,1.88
11/15/2021,EUROPE,193125,81152036,2803,1522855,1.88
11/16/2021,EUROPE,197565,81349601,2966,1525821,1.88
11/17/2021,EUROPE,265402,81615003,3418,1529239,1.87
11/18/2021,EUROPE,260835,81875838,3237,1532476,1.87
11/19/2021,EUROPE,252796,82128634,3300,1535776,1.87
11/20/2021,EUROPE,249314,82377948,3041,1538817,1.87
11/21/2021,EUROPE,1126463,83504411,12778,1551595,1.86
11/22/2021,EUROPE,213978,83718389,2795,1554390,1.86
11/23/2021,EUROPE,211305,83929694,3125,1557515,1.86
11/24/2021,EUROPE,286343,84216037,3265,1560780,1.85
11/25/2021,EUROPE,276344,84492381,3273,1564053,1.85
11/26/2021,EUROPE,280833,84773214,3149,1567202,1.85
11/27/2021,EUROPE,251811,85025025,2911,1570113,1.85
11/28/2021,EUROPE,1241908,86266933,12638,1582751,1.83
11/29/2021,EUROPE,211622,86478555,2801,1585552,1.83
11/30/2021,EUROPE,215482,86694037,3241,1588793,1.83
12/1/2021,EUROPE,281445,86975482,3329,1592122,1.83
12/2/2021,EUROPE,279113,87254595,3238,1595360,1.83
12/3/2021,EUROPE,276188,87530783,3121,1598481,1.83
12/4/2021,EUROPE,250029,87780812,3011,1601492,1.82
12/5/2021,EUROPE,1318291,89099103,11696,1613188,1.81
12/6/2021,EUROPE,198496,89297599,2849,1616037,1.81
12/7/2021,EUROPE,209847,89507446,3086,1619123,1.81
12/8/2021,EUROPE,270133,89777579,3177,1622300,1.81
12/9/2021,EUROPE,261369,90038948,3174,1625474,1.81
12/10/2021,EUROPE,247954,90286902,3085,1628559,1.8
12/11/2021,EUROPE,235640,90522542,2852,1631411,1.8
12/12/2021,EUROPE,1286925,91809467,11007,1642418,1.79
12/13/2021,EUROPE,192450,92001917,2603,1645021,1.79
12/14/2021,EUROPE,208344,92210261,3002,1648023,1.79
12/15/2021,EUROPE,281226,92491487,3132,1651155,1.79
12/16/2021,EUROPE,290847,92782334,3088,1654243,1.78
12/17/2021,EUROPE,293124,93075458,2955,1657198,1.78
12/18/2021,EUROPE,286431,93361889,2687,1659885,1.78
12/19/2021,EUROPE,1360868,94722757,9670,1669555,1.76
12/20/2021,EUROPE,230754,94953511,2366,1671921,1.76
12/21/2021,EUROPE,237438,95190949,2722,1674643,1.76
12/22/2021,EUROPE,315796,95506745,3064,1677707,1.76
12/23/2021,EUROPE,339527,95846272,2788,1680495,1.75
12/24/2021,EUROPE,352421,96198693,2686,1683181,1.75
12/25/2021,EUROPE,341186,96539879,2242,1685423,1.75
12/26/2021,EUROPE,1778485,98318364,8310,1693733,1.72
12/27/2021,EUROPE,217861,98536225,2279,1696012,1.72
12/28/2021,EUROPE,300545,98836770,2535,1698547,1.72
12/29/2021,EUROPE,454089,99290859,2935,1701482,1.71
12/30/2021,EUROPE,515122,99805981,2727,1704209,1.71
12/31/2021,EUROPE,614031,100420012,2518,1706727,1.7
1/1/2022,EUROPE,589297,101009309,2279,1709006,1.69
1/2/2022,EUROPE,3202994,104212303,7405,1716411,1.65
1/3/2022,EUROPE,333254,104545557,1980,1718391,1.64
1/4/2022,EUROPE,464564,105010121,2246,1720637,1.64
1/5/2022,EUROPE,694502,105704623,2608,1723245,1.63
1/6/2022,EUROPE,800558,106505181,2521,1725766,1.62
1/7/2022,EUROPE,757240,107262421,1912,1727678,1.61
1/8/2022,EUROPE,579202,107841623,2086,1729764,1.6
1/9/2022,EUROPE,4392150,112233773,7721,1737485,1.55
1/10/2022,EUROPE,535244,112769017,1806,1739291,1.54
1/11/2022,EUROPE,524783,113293800,2406,1741697,1.54
1/12/2022,EUROPE,759783,114053583,2622,1744319,1.53
1/13/2022,EUROPE,734590,114788173,2460,1746779,1.52
1/14/2022,EUROPE,713089,115501262,2360,1749139,1.51
1/15/2022,EUROPE,701952,116203214,2349,1751488,1.51
1/16/2022,EUROPE,4938518,121141732,8140,1759628,1.45
1/17/2022,EUROPE,608145,121749877,2080,1761708,1.45
1/18/2022,EUROPE,622605,122372482,2293,1764001,1.44
1/19/2022,EUROPE,930758,123303240,2529,1766530,1.43
1/20/2022,EUROPE,925971,124229211,2352,1768882,1.42
1/21/2022,EUROPE,939310,125168521,2326,1771208,1.42
1/22/2022,EUROPE,902013,126070534,2121,1773329,1.41
1/23/2022,EUROPE,6180076,132250610,8979,1782308,1.35
1/24/2022,EUROPE,775453,133026063,1872,1784180,1.34
1/25/2022,EUROPE,769169,133795232,2301,1786481,1.34
1/26/2022,EUROPE,1084218,134879450,2391,1788872,1.33
1/27/2022,EUROPE,1068405,135947855,2428,1791300,1.32
1/28/2022,EUROPE,1040226,136988081,2366,1793666,1.31
1/29/2022,EUROPE,997703,137985784,2315,1795981,1.3
1/30/2022,EUROPE,6572018,144557802,9847,1805828,1.25
1/31/2022,EUROPE,808922,145366724,2016,1807844,1.24
2/1/2022,EUROPE,800227,146166951,2332,1810176,1.24
2/2/2022,EUROPE,1079345,147246296,2612,1812788,1.23
2/3/2022,EUROPE,1064464,148310760,2627,1815415,1.22
2/4/2022,EUROPE,980684,149291444,2605,1818020,1.22
2/5/2022,EUROPE,918406,150209850,2560,1820580,1.21
2/6/2022,EUROPE,5804098,156013948,10991,1831571,1.17
2/7/2022,EUROPE,726567,156740515,2206,1833777,1.17
2/8/2022,EUROPE,743049,157483564,2544,1836321,1.17
2/9/2022,EUROPE,948169,158431733,2728,1839049,1.16
2/10/2022,EUROPE,912277,159344010,2649,1841698,1.16
2/11/2022,EUROPE,842364,160186374,2686,1844384,1.15
2/12/2022,EUROPE,772027,160958401,2618,1847002,1.15
2/13/2022,EUROPE,4458831,165417232,11083,1858085,1.12
2/14/2022,EUROPE,586981,166004213,2295,1860380,1.12
2/15/2022,EUROPE,585068,166589281,2662,1863042,1.12
2/16/2022,EUROPE,725924,167315205,2875,1865917,1.12
2/17/2022,EUROPE,710058,168025263,2796,1868713,1.11
2/18/2022,EUROPE,664001,168689264,2728,1871441,1.11
2/19/2022,EUROPE,621086,169310350,2547,1873988,1.11
2/20/2022,EUROPE,3398270,172708620,10453,1884441,1.09
2/21/2022,EUROPE,468081,173176701,2195,1886636,1.09
2/22/2022,EUROPE,495151,173671852,2533,1889169,1.09
2/23/2022,EUROPE,567538,174239390,2789,1891958,1.09
2/24/2022,EUROPE,547213,174786603,2526,1894484,1.08
2/25/2022,EUROPE,495978,175282581,2376,1896860,1.08
2/26/2022,EUROPE,455046,175737627,2298,1899158,1.08
2/27/2022,EUROPE,2674530,178412157,8660,1907818,1.07
2/28/2022,EUROPE,338327,178750484,2036,1909854,1.07
3/1/2022,EUROPE,374946,179125430,2261,1912115,1.07
3/2/2022,EUROPE,431886,179557316,2317,1914432,1.07
3/3/2022,EUROPE,431087,179988403,2237,1916669,1.06
3/4/2022,EUROPE,399493,180387896,2162,1918831,1.06
3/5/2022,EUROPE,373985,180761881,1980,1920811,1.06
3/6/2022,EUROPE,2682514,183444395,7064,1927875,1.05
3/7/2022,EUROPE,287023,183731418,1789,1929664,1.05
3/8/2022,EUROPE,331205,184062623,1739,1931403,1.05
3/9/2022,EUROPE,407473,184470096,1883,1933286,1.05
3/10/2022,EUROPE,406940,184877036,1810,1935096,1.05
3/11/2022,EUROPE,392239,185269275,1670,1936766,1.05
3/12/2022,EUROPE,371555,185640830,1561,1938327,1.04
3/13/2022,EUROPE,3078944,188719774,6194,1944521,1.03
3/14/2022,EUROPE,280708,189000482,1457,1945978,1.03
3/15/2022,EUROPE,331147,189331629,1456,1947434,1.03
3/16/2022,EUROPE,433559,189765188,1749,1949183,1.03
3/17/2022,EUROPE,429878,190195066,1608,1950791,1.03
3/18/2022,EUROPE,411910,190606976,1489,1952280,1.02
3/19/2022,EUROPE,381401,190988377,1373,1953653,1.02
3/20/2022,EUROPE,3304958,194293335,5781,1959434,1.01
3/21/2022,EUROPE,284483,194577818,1385,1960819,1.01
3/22/2022,EUROPE,306154,194883972,1324,1962143,1.01
3/23/2022,EUROPE,422145,195306117,1388,1963531,1.01
3/24/2022,EUROPE,402760,195708877,1375,1964906,1
3/25/2022,EUROPE,374029,196082906,1338,1966244,1
3/26/2022,EUROPE,339745,196422651,1206,1967450,1
3/27/2022,EUROPE,3419747,199842398,5251,1972701,0.99
3/28/2022,EUROPE,250628,200093026,1183,1973884,0.99
3/29/2022,EUROPE,250635,200343661,1041,1974925,0.99
3/30/2022,EUROPE,362791,200706452,1204,1976129,0.98
3/31/2022,EUROPE,321171,201027623,1330,1977459,0.98
4/1/2022,EUROPE,292696,201320319,1142,1978601,0.98
4/2/2022,EUROPE,256729,201577048,1139,1979740,0.98
4/3/2022,EUROPE,2976307,204553355,4822,1984562,0.97
4/4/2022,EUROPE,170497,204723852,992,1985554,0.97
4/5/2022,EUROPE,175057,204898909,1090,1986644,0.97
4/6/2022,EUROPE,257002,205155911,1084,1987728,0.97
4/7/2022,EUROPE,231001,205386912,1025,1988753,0.97
4/8/2022,EUROPE,219060,205605972,1050,1989803,0.97
4/9/2022,EUROPE,195047,205801019,976,1990779,0.97
4/10/2022,EUROPE,2447282,208248301,4429,1995208,0.96
4/11/2022,EUROPE,145142,208393443,962,1996170,0.96
4/12/2022,EUROPE,127173,208520616,909,1997079,0.96
4/13/2022,EUROPE,200618,208721234,949,1998028,0.96
4/14/2022,EUROPE,175195,208896429,952,1998980,0.96
4/15/2022,EUROPE,166248,209062677,920,1999900,0.96
4/16/2022,EUROPE,145377,209208054,786,2000686,0.96
4/17/2022,EUROPE,2006085,211214139,3946,2004632,0.95
4/18/2022,EUROPE,113390,211327529,742,2005374,0.95
4/19/2022,EUROPE,81093,211408622,734,2006108,0.95
4/20/2022,EUROPE,105659,211514281,788,2006896,0.95
4/21/2022,EUROPE,193433,211707714,813,2007709,0.95
4/22/2022,EUROPE,163503,211871217,777,2008486,0.95
4/23/2022,EUROPE,140888,212012105,728,2009214,0.95
4/24/2022,EUROPE,1662277,213674382,3514,2012728,0.94
4/25/2022,EUROPE,106527,213780909,641,2013369,0.94
4/26/2022,EUROPE,77197,213858106,610,2013979,0.94
4/27/2022,EUROPE,94254,213952360,624,2014603,0.94
4/28/2022,EUROPE,151782,214104142,702,2015305,0.94
4/29/2022,EUROPE,135260,214239402,637,2015942,0.94
4/30/2022,EUROPE,108895,214348297,570,2016512,0.94
5/1/2022,EUROPE,1343201,215691498,3156,2019668,0.94
5/2/2022,EUROPE,76831,215768329,638,2020306,0.94
5/3/2022,EUROPE,53263,215821592,487,2020793,0.94
5/4/2022,EUROPE,107055,215928647,525,2021318,0.94
5/5/2022,EUROPE,95238,216023885,549,2021867,0.94
5/6/2022,EUROPE,94522,216118407,553,2022420,0.94
5/7/2022,EUROPE,86750,216205157,467,2022887,0.94
5/8/2022,EUROPE,1098197,217303354,2751,2025638,0.93
5/9/2022,EUROPE,60200,217363554,427,2026065,0.93
5/10/2022,EUROPE,49146,217412700,379,2026444,0.93
5/11/2022,EUROPE,103248,217515948,542,2026986,0.93
5/12/2022,EUROPE,84040,217599988,440,2027426,0.93
5/13/2022,EUROPE,79662,217679650,440,2027866,0.93
5/14/2022,EUROPE,75051,217754701,400,2028266,0.93
5/15/2022,EUROPE,1030440,218785141,2459,2030725,0.93
5/16/2022,EUROPE,52223,218837364,345,2031070,0.93
5/17/2022,EUROPE,39900,218877264,354,2031424,0.93
5/18/2022,EUROPE,83684,218960948,513,2031937,0.93
5/19/2022,EUROPE,65079,219026027,382,2032319,0.93
5/20/2022,EUROPE,63009,219089036,327,2032646,0.93
5/21/2022,EUROPE,58439,219147475,309,2032955,0.93
5/22/2022,EUROPE,840337,219987812,2138,2035093,0.93
5/23/2022,EUROPE,37695,220025507,267,2035360,0.93
5/24/2022,EUROPE,31050,220056557,298,2035658,0.93
5/25/2022,EUROPE,61806,220118363,402,2036060,0.92
5/26/2022,EUROPE,50674,220169037,331,2036391,0.92
5/27/2022,EUROPE,48556,220217593,285,2036676,0.92
5/28/2022,EUROPE,41853,220259446,298,2036974,0.92
5/29/2022,EUROPE,637341,220896787,1674,2038648,0.92
5/30/2022,EUROPE,33413,220930200,212,2038860,0.92
5/31/2022,EUROPE,27792,220957992,213,2039073,0.92
6/1/2022,EUROPE,51961,221009953,299,2039372,0.92
6/2/2022,EUROPE,46362,221056315,245,2039617,0.92
6/3/2022,EUROPE,45125,221101440,240,2039857,0.92
6/4/2022,EUROPE,34267,221135707,230,2040087,0.92
6/5/2022,EUROPE,734448,221870155,1689,2041776,0.92
6/6/2022,EUROPE,36652,221906807,201,2041977,0.92
6/7/2022,EUROPE,33482,221940289,226,2042203,0.92
6/8/2022,EUROPE,61779,222002068,271,2042474,0.92
6/9/2022,EUROPE,60604,222062672,233,2042707,0.92
6/10/2022,EUROPE,64271,222126943,229,2042936,0.92
6/11/2022,EUROPE,57457,222184400,210,2043146,0.92
6/12/2022,EUROPE,843371,223027771,1644,2044790,0.92
6/13/2022,EUROPE,48046,223075817,192,2044982,0.92
6/14/2022,EUROPE,45804,223121621,188,2045170,0.92
6/15/2022,EUROPE,86647,223208268,250,2045420,0.92
6/16/2022,EUROPE,81131,223289399,181,2045601,0.92
6/17/2022,EUROPE,89770,223379169,216,2045817,0.92
6/18/2022,EUROPE,80351,223459520,208,2046025,0.92
6/19/2022,EUROPE,1081512,224541032,1810,2047835,0.91
6/20/2022,EUROPE,78782,224619814,231,2048066,0.91
6/21/2022,EUROPE,66650,224686464,214,2048280,0.91
6/22/2022,EUROPE,127689,224814153,256,2048536,0.91
6/23/2022,EUROPE,120574,224934727,225,2048761,0.91
6/24/2022,EUROPE,128814,225063541,283,2049044,0.91
6/25/2022,EUROPE,117675,225181216,236,2049280,0.91
6/26/2022,EUROPE,1504752,226685968,1939,2051219,0.9
6/27/2022,EUROPE,103427,226789395,307,2051526,0.9
6/28/2022,EUROPE,91493,226880888,259,2051785,0.9
6/29/2022,EUROPE,164714,227045602,297,2052082,0.9
6/30/2022,EUROPE,175909,227221511,261,2052343,0.9
7/1/2022,EUROPE,175032,227396543,270,2052613,0.9
7/2/2022,EUROPE,173608,227570151,424,2053037,0.9
7/3/2022,EUROPE,1965321,229535472,2170,2055207,0.9
7/4/2022,EUROPE,141828,229677300,345,2055552,0.89
7/5/2022,EUROPE,118260,229795560,262,2055814,0.89
7/6/2022,EUROPE,233438,230028998,332,2056146,0.89
7/7/2022,EUROPE,204953,230233951,312,2056458,0.89
7/8/2022,EUROPE,215634,230449585,348,2056806,0.89
7/9/2022,EUROPE,188935,230638520,351,2057157,0.89
7/10/2022,EUROPE,2222925,232861445,2758,2059915,0.88
7/11/2022,EUROPE,162571,233024016,419,2060334,0.88
7/12/2022,EUROPE,161106,233185122,397,2060731,0.88
7/13/2022,EUROPE,256183,233441305,470,2061201,0.88
7/14/2022,EUROPE,211035,233652340,399,2061600,0.88
7/15/2022,EUROPE,215779,233868119,393,2061993,0.88
7/16/2022,EUROPE,188324,234056443,409,2062402,0.88
7/17/2022,EUROPE,2090848,236147291,3570,2065972,0.87
7/18/2022,EUROPE,133528,236280819,430,2066402,0.87
7/19/2022,EUROPE,106592,236387411,417,2066819,0.87
7/20/2022,EUROPE,234219,236621630,546,2067365,0.87
7/21/2022,EUROPE,179043,236800673,566,2067931,0.87
7/22/2022,EUROPE,180640,236981313,544,2068475,0.87
7/23/2022,EUROPE,152572,237133885,472,2068947,0.87
7/24/2022,EUROPE,1939393,239073278,3960,2072907,0.87
7/25/2022,EUROPE,113647,239186925,491,2073398,0.87
7/26/2022,EUROPE,93687,239280612,445,2073843,0.87
7/27/2022,EUROPE,204982,239485594,643,2074486,0.87
7/28/2022,EUROPE,154014,239639608,565,2075051,0.87
7/29/2022,EUROPE,150541,239790149,541,2075592,0.87
7/30/2022,EUROPE,133114,239923263,595,2076187,0.87
7/31/2022,EUROPE,1588962,241512225,3865,2080052,0.86
8/1/2022,EUROPE,98860,241611085,468,2080520,0.86
8/2/2022,EUROPE,80904,241691989,436,2080956,0.86
8/3/2022,EUROPE,187127,241879116,626,2081582,0.86
8/4/2022,EUROPE,131278,242010394,520,2082102,0.86
8/5/2022,EUROPE,128959,242139353,526,2082628,0.86
8/6/2022,EUROPE,115821,242255174,491,2083119,0.86
8/7/2022,EUROPE,1096935,243352109,3369,2086488,0.86
8/8/2022,EUROPE,87868,243439977,416,2086904,0.86
8/9/2022,EUROPE,76511,243516488,456,2087360,0.86
8/10/2022,EUROPE,159721,243676209,643,2088003,0.86
8/11/2022,EUROPE,116415,243792624,476,2088479,0.86
8/12/2022,EUROPE,112563,243905187,438,2088917,0.86
8/13/2022,EUROPE,106566,244011753,478,2089395,0.86
8/14/2022,EUROPE,840334,244852087,3003,2092398,0.85
8/15/2022,EUROPE,82764,244934851,444,2092842,0.85
8/16/2022,EUROPE,67121,245001972,308,2093150,0.85
8/17/2022,EUROPE,119649,245121621,512,2093662,0.85
8/18/2022,EUROPE,126113,245247734,469,2094131,0.85
8/19/2022,EUROPE,116245,245363979,450,2094581,0.85
8/20/2022,EUROPE,107985,245471964,411,2094992,0.85
8/21/2022,EUROPE,686725,246158689,2442,2097434,0.85
8/22/2022,EUROPE,84667,246243356,410,2097844,0.85
8/23/2022,EUROPE,77371,246320727,354,2098198,0.85
8/24/2022,EUROPE,133713,246454440,571,2098769,0.85
8/25/2022,EUROPE,123312,246577752,453,2099222,0.85
8/26/2022,EUROPE,109462,246687214,392,2099614,0.85
8/27/2022,EUROPE,104293,246791507,387,2100001,0.85
8/28/2022,EUROPE,600135,247391642,1955,2101956,0.85
8/29/2022,EUROPE,84288,247475930,329,2102285,0.85
8/30/2022,EUROPE,76123,247552053,352,2102637,0.85
8/31/2022,EUROPE,126084,247678137,519,2103156,0.85
9/1/2022,EUROPE,124377,247802514,385,2103541,0.85
9/2/2022,EUROPE,107714,247910228,379,2103920,0.85
9/3/2022,EUROPE,104047,248014275,375,2104295,0.85
9/4/2022,EUROPE,539264,248553539,1714,2106009,0.85
9/5/2022,EUROPE,78931,248632470,315,2106324,0.85
9/6/2022,EUROPE,78280,248710750,302,2106626,0.85
9/7/2022,EUROPE,120690,248831440,432,2107058,0.85
9/8/2022,EUROPE,106170,248937610,326,2107384,0.85
9/9/2022,EUROPE,105871,249043481,361,2107745,0.85
9/10/2022,EUROPE,103318,249146799,319,2108064,0.85
9/11/2022,EUROPE,546213,249693012,1454,2109518,0.84
9/12/2022,EUROPE,78339,249771351,304,2109822,0.84
9/13/2022,EUROPE,87254,249858605,296,2110118,0.84
9/14/2022,EUROPE,128399,249987004,399,2110517,0.84
9/15/2022,EUROPE,117416,250104420,345,2110862,0.84
9/16/2022,EUROPE,117707,250222127,343,2111205,0.84
9/17/2022,EUROPE,113076,250335203,326,2111531,0.84
9/18/2022,EUROPE,677149,251012352,1431,2112962,0.84
9/19/2022,EUROPE,82698,251095050,281,2113243,0.84
9/20/2022,EUROPE,91320,251186370,249,2113492,0.84
9/21/2022,EUROPE,136106,251322476,388,2113880,0.84
9/22/2022,EUROPE,121433,251443909,347,2114227,0.84
9/23/2022,EUROPE,120921,251564830,322,2114549,0.84
9/24/2022,EUROPE,114088,251678918,351,2114900,0.84
9/25/2022,EUROPE,796718,252475636,1583,2116483,0.84
9/26/2022,EUROPE,84166,252559802,275,2116758,0.84
9/27/2022,EUROPE,88919,252648721,302,2117060,0.84
9/28/2022,EUROPE,148141,252796862,425,2117485,0.84
9/29/2022,EUROPE,128212,252925074,398,2117883,0.84
9/30/2022,EUROPE,129321,253054395,364,2118247,0.84
10/1/2022,EUROPE,125802,253180197,353,2118600,0.84
10/2/2022,EUROPE,1065025,254245222,2041,2120641,0.83
10/3/2022,EUROPE,82611,254327833,325,2120966,0.83
10/4/2022,EUROPE,81578,254409411,371,2121337,0.83
10/5/2022,EUROPE,154007,254563418,494,2121831,0.83
10/6/2022,EUROPE,129075,254692493,463,2122294,0.83
10/7/2022,EUROPE,123513,254816006,432,2122726,0.83
10/8/2022,EUROPE,117753,254933759,402,2123128,0.83
10/9/2022,EUROPE,1264265,256198024,2726,2125854,0.83
10/10/2022,EUROPE,79906,256277930,398,2126252,0.83
10/11/2022,EUROPE,72128,256350058,424,2126676,0.83
10/12/2022,EUROPE,145929,256495987,545,2127221,0.83
10/13/2022,EUROPE,118617,256614604,452,2127673,0.83
10/14/2022,EUROPE,110063,256724667,448,2128121,0.83
10/15/2022,EUROPE,97051,256821718,471,2128592,0.83
10/16/2022,EUROPE,1285420,258107138,3113,2131705,0.83
10/17/2022,EUROPE,65832,258172970,400,2132105,0.83
10/18/2022,EUROPE,58699,258231669,434,2132539,0.83
10/19/2022,EUROPE,124000,258355669,599,2133138,0.83
10/20/2022,EUROPE,96007,258451676,458,2133596,0.83
10/21/2022,EUROPE,89212,258540888,441,2134037,0.83
10/22/2022,EUROPE,77336,258618224,443,2134480,0.83
10/23/2022,EUROPE,1101613,259719837,3196,2137676,0.82
10/24/2022,EUROPE,51797,259771634,416,2138092,0.82
10/25/2022,EUROPE,43832,259815466,359,2138451,0.82
10/26/2022,EUROPE,95929,259911395,583,2139034,0.82
10/27/2022,EUROPE,74536,259985931,463,2139497,0.82
10/28/2022,EUROPE,67368,260053299,404,2139901,0.82
10/29/2022,EUROPE,59143,260112442,400,2140301,0.82
10/30/2022,EUROPE,776561,260889003,2644,2142945,0.82
10/31/2022,EUROPE,39542,260928545,363,2143308,0.82
11/1/2022,EUROPE,33748,260962293,308,2143616,0.82
11/2/2022,EUROPE,66604,261028897,417,2144033,0.82
11/3/2022,EUROPE,43761,261072658,350,2144383,0.82
11/4/2022,EUROPE,71434,261144092,366,2144749,0.82
11/5/2022,EUROPE,56112,261200204,402,2145151,0.82
11/6/2022,EUROPE,558660,261758864,2127,2147278,0.82
11/7/2022,EUROPE,37865,261796729,360,2147638,0.82
11/8/2022,EUROPE,32673,261829402,259,2147897,0.82
11/9/2022,EUROPE,69901,261899303,414,2148311,0.82
11/10/2022,EUROPE,56714,261956017,327,2148638,0.82
11/11/2022,EUROPE,57392,262013409,310,2148948,0.82
11/12/2022,EUROPE,50456,262063865,288,2149236,0.82
11/13/2022,EUROPE,509035,262572900,1992,2151228,0.82
11/14/2022,EUROPE,39792,262612692,286,2151514,0.82
11/15/2022,EUROPE,33176,262645868,285,2151799,0.82
11/16/2022,EUROPE,77513,262723381,420,2152219,0.82
11/17/2022,EUROPE,64871,262788252,329,2152548,0.82
11/18/2022,EUROPE,64756,262853008,297,2152845,0.82
11/19/2022,EUROPE,59389,262912397,301,2153146,0.82
11/20/2022,EUROPE,536115,263448512,1881,2155027,0.82
11/21/2022,EUROPE,43572,263492084,267,2155294,0.82
11/22/2022,EUROPE,34591,263526675,272,2155566,0.82
11/23/2022,EUROPE,80447,263607122,377,2155943,0.82
11/24/2022,EUROPE,65021,263672143,330,2156273,0.82
11/25/2022,EUROPE,66723,263738866,310,2156583,0.82
11/26/2022,EUROPE,61616,263800482,289,2156872,0.82
11/27/2022,EUROPE,599964,264400446,1901,2158773,0.82
11/28/2022,EUROPE,45080,264445526,316,2159089,0.82
11/29/2022,EUROPE,36419,264481945,277,2159366,0.82
11/30/2022,EUROPE,84506,264566451,389,2159755,0.82
12/1/2022,EUROPE,70994,264637445,298,2160053,0.82
12/2/2022,EUROPE,70659,264708104,315,2160368,0.82
12/3/2022,EUROPE,62498,264770602,320,2160688,0.82
12/4/2022,EUROPE,708371,265478973,2145,2162833,0.81
12/5/2022,EUROPE,47530,265526503,345,2163178,0.81
12/6/2022,EUROPE,38570,265565073,289,2163467,0.81
12/7/2022,EUROPE,86770,265651843,441,2163908,0.81
12/8/2022,EUROPE,72279,265724122,356,2164264,0.81
12/9/2022,EUROPE,67731,265791853,358,2164622,0.81
12/10/2022,EUROPE,41028,265832881,324,2164946,0.81
12/11/2022,EUROPE,774219,266607100,2438,2167384,0.81
12/12/2022,EUROPE,48209,266655309,378,2167762,0.81
12/13/2022,EUROPE,38789,266694098,325,2168087,0.81
12/14/2022,EUROPE,83476,266777574,433,2168520,0.81
12/15/2022,EUROPE,64396,266841970,411,2168931,0.81
12/16/2022,EUROPE,63897,266905867,402,2169333,0.81
12/17/2022,EUROPE,55380,266961247,386,2169719,0.81
12/18/2022,EUROPE,749904,267711151,2927,2172646,0.81
12/19/2022,EUROPE,41945,267753096,478,2173124,0.81
12/20/2022,EUROPE,35681,267788777,383,2173507,0.81
12/21/2022,EUROPE,70391,267859168,505,2174012,0.81
12/22/2022,EUROPE,58197,267917365,464,2174476,0.81
12/23/2022,EUROPE,57613,267974978,492,2174968,0.81
12/24/2022,EUROPE,50688,268025666,474,2175442,0.81
12/25/2022,EUROPE,651798,268677464,3205,2178647,0.81
12/26/2022,EUROPE,39679,268717143,509,2179156,0.81
12/27/2022,EUROPE,21583,268738726,352,2179508,0.81
12/28/2022,EUROPE,37509,268776235,492,2180000,0.81
12/29/2022,EUROPE,58992,268835227,587,2180587,0.81
12/30/2022,EUROPE,57307,268892534,440,2181027,0.81
12/31/2022,EUROPE,52893,268945427,519,2181546,0.81
1/1/2023,EUROPE,423814,269369241,2912,2184458,0.81
1/2/2023,EUROPE,36860,269406101,536,2184994,0.81
1/3/2023,EUROPE,20861,269426962,424,2185418,0.81
1/4/2023,EUROPE,50852,269477814,565,2185983,0.81
1/5/2023,EUROPE,41102,269518916,430,2186413,0.81
1/6/2023,EUROPE,42489,269561405,482,2186895,0.81
1/7/2023,EUROPE,34083,269595488,428,2187323,0.81
1/8/2023,EUROPE,301226,269896714,2590,2189913,0.81
1/9/2023,EUROPE,29361,269926075,527,2190440,0.81
1/10/2023,EUROPE,19515,269945590,384,2190824,0.81
1/11/2023,EUROPE,40148,269985738,534,2191358,0.81
1/12/2023,EUROPE,29107,270014845,411,2191769,0.81
1/13/2023,EUROPE,29668,270044513,395,2192164,0.81
1/14/2023,EUROPE,23729,270068242,386,2192550,0.81
1/15/2023,EUROPE,212535,270280777,1988,2194538,0.81
1/16/2023,EUROPE,19725,270300502,403,2194941,0.81
1/17/2023,EUROPE,14666,270315168,350,2195291,0.81
1/18/2023,EUROPE,27193,270342361,347,2195638,0.81
1/19/2023,EUROPE,23286,270365647,323,2195961,0.81
1/20/2023,EUROPE,23913,270389560,327,2196288,0.81
1/21/2023,EUROPE,21040,270410600,296,2196584,0.81
1/22/2023,EUROPE,158448,270569048,1647,2198231,0.81
1/23/2023,EUROPE,15284,270584332,268,2198499,0.81
1/24/2023,EUROPE,14789,270599121,261,2198760,0.81
1/25/2023,EUROPE,24735,270623856,281,2199041,0.81
1/26/2023,EUROPE,23785,270647641,254,2199295,0.81
1/27/2023,EUROPE,24674,270672315,251,2199546,0.81
1/28/2023,EUROPE,21929,270694244,217,2199763,0.81
1/29/2023,EUROPE,158189,270852433,1371,2201134,0.81
1/30/2023,EUROPE,17461,270869894,251,2201385,0.81
1/31/2023,EUROPE,17327,270887221,229,2201614,0.81
2/1/2023,EUROPE,28720,270915941,296,2201910,0.81
2/2/2023,EUROPE,28622,270944563,334,2202244,0.81
2/3/2023,EUROPE,30343,270974906,241,2202485,0.81
2/4/2023,EUROPE,26671,271001577,225,2202710,0.81
2/5/2023,EUROPE,166650,271168227,1228,2203938,0.81
2/6/2023,EUROPE,20857,271189084,212,2204150,0.81
2/7/2023,EUROPE,20426,271209510,204,2204354,0.81
2/8/2023,EUROPE,32115,271241625,227,2204581,0.81
2/9/2023,EUROPE,32218,271273843,207,2204788,0.81
2/10/2023,EUROPE,32060,271305903,200,2204988,0.81
2/11/2023,EUROPE,30370,271336273,208,2205196,0.81
2/12/2023,EUROPE,171391,271507664,1213,2206409,0.81
2/13/2023,EUROPE,24241,271531905,171,2206580,0.81
2/14/2023,EUROPE,24755,271556660,190,2206770,0.81
2/15/2023,EUROPE,38535,271595195,212,2206982,0.81
2/16/2023,EUROPE,38310,271633505,242,2207224,0.81
2/17/2023,EUROPE,37989,271671494,255,2207479,0.81
2/18/2023,EUROPE,36724,271708218,239,2207718,0.81
2/19/2023,EUROPE,196229,271904447,1389,2209107,0.81
2/20/2023,EUROPE,27412,271931859,197,2209304,0.81
2/21/2023,EUROPE,28794,271960653,196,2209500,0.81
2/22/2023,EUROPE,40915,272001568,232,2209732,0.81
2/23/2023,EUROPE,40132,272041700,192,2209924,0.81
2/24/2023,EUROPE,39616,272081316,232,2210156,0.81
2/25/2023,EUROPE,33264,272114580,238,2210394,0.81
2/26/2023,EUROPE,218240,272332820,1360,2211754,0.81
2/27/2023,EUROPE,25960,272358780,220,2211974,0.81
2/28/2023,EUROPE,27025,272385805,222,2212196,0.81
3/1/2023,EUROPE,40105,272425910,230,2212426,0.81
3/2/2023,EUROPE,40500,272466410,233,2212659,0.81
3/3/2023,EUROPE,39312,272505722,260,2212919,0.81
3/4/2023,EUROPE,35261,272540983,263,2213182,0.81
3/5/2023,EUROPE,195014,272735997,1287,2214469,0.81
3/6/2023,EUROPE,26493,272762490,263,2214732,0.81
3/7/2023,EUROPE,28404,272790894,233,2214965,0.81
3/8/2023,EUROPE,40833,272831727,246,2215211,0.81
3/9/2023,EUROPE,37658,272869385,248,2215459,0.81
3/10/2023,EUROPE,35567,272904952,244,2215703,0.81
3/11/2023,EUROPE,34635,272939587,241,2215944,0.81
3/12/2023,EUROPE,163509,273103096,1318,2217262,0.81
3/13/2023,EUROPE,26565,273129661,266,2217528,0.81
3/14/2023,EUROPE,28068,273157729,274,2217802,0.81
3/15/2023,EUROPE,40158,273197887,270,2218072,0.81
3/16/2023,EUROPE,38098,273235985,263,2218335,0.81
3/17/2023,EUROPE,36689,273272674,238,2218573,0.81
3/18/2023,EUROPE,33660,273306334,262,2218835,0.81
3/19/2023,EUROPE,169088,273475422,1515,2220350,0.81
3/20/2023,EUROPE,24450,273499872,275,2220625,0.81
3/21/2023,EUROPE,25446,273525318,227,2220852,0.81
3/22/2023,EUROPE,35879,273561197,275,2221127,0.81
3/23/2023,EUROPE,34961,273596158,275,2221402,0.81
3/24/2023,EUROPE,33052,273629210,251,2221653,0.81
3/25/2023,EUROPE,30918,273660128,242,2221895,0.81
3/26/2023,EUROPE,167366,273827494,1401,2223296,0.81
3/27/2023,EUROPE,22963,273850457,336,2223632,0.81
3/28/2023,EUROPE,21483,273871940,214,2223846,0.81
3/29/2023,EUROPE,30179,273902119,255,2224101,0.81
3/30/2023,EUROPE,27358,273929477,259,2224360,0.81
3/31/2023,EUROPE,27170,273956647,238,2224598,0.81
4/1/2023,EUROPE,23958,273980605,254,2224852,0.81
4/2/2023,EUROPE,150976,274131581,1250,2226102,0.81
4/3/2023,EUROPE,19456,274151037,287,2226389,0.81
4/4/2023,EUROPE,16883,274167920,197,2226586,0.81
4/5/2023,EUROPE,23403,274191323,225,2226811,0.81
4/6/2023,EUROPE,21921,274213244,241,2227052,0.81
4/7/2023,EUROPE,21157,274234401,189,2227241,0.81
4/8/2023,EUROPE,19285,274253686,213,2227454,0.81
4/9/2023,EUROPE,129272,274382958,1086,2228540,0.81
4/10/2023,EUROPE,16658,274399616,276,2228816,0.81
4/11/2023,EUROPE,11672,274411288,158,2228974,0.81
4/12/2023,EUROPE,16229,274427517,195,2229169,0.81
4/13/2023,EUROPE,23152,274450669,203,2229372,0.81
4/14/2023,EUROPE,21237,274471906,209,2229581,0.81
4/15/2023,EUROPE,19063,274490969,243,2229824,0.81
4/16/2023,EUROPE,125452,274616421,1023,2230847,0.81
4/17/2023,EUROPE,16039,274632460,298,2231145,0.81
4/18/2023,EUROPE,12752,274645212,178,2231323,0.81
4/19/2023,EUROPE,19431,274664643,177,2231500,0.81
4/20/2023,EUROPE,18630,274683273,230,2231730,0.81
4/21/2023,EUROPE,19153,274702426,215,2231945,0.81
4/22/2023,EUROPE,16149,274718575,169,2232114,0.81
4/23/2023,EUROPE,115188,274833763,1129,2233243,0.81
4/24/2023,EUROPE,15052,274848815,317,2233560,0.81
4/25/2023,EUROPE,11125,274859940,174,2233734,0.81
4/26/2023,EUROPE,16218,274876158,149,2233883,0.81
4/27/2023,EUROPE,13702,274889860,170,2234053,0.81
4/28/2023,EUROPE,16908,274906768,173,2234226,0.81
4/29/2023,EUROPE,14512,274921280,153,2234379,0.81
4/30/2023,EUROPE,97595,275018875,977,2235356,0.81
5/1/2023,EUROPE,12844,275031719,283,2235639,0.81
5/2/2023,EUROPE,7815,275039534,107,2235746,0.81
5/3/2023,EUROPE,8672,275048206,138,2235884,0.81
5/4/2023,EUROPE,14184,275062390,176,2236060,0.81
5/5/2023,EUROPE,15027,275077417,164,2236224,0.81
5/6/2023,EUROPE,11742,275089159,159,2236383,0.81
5/7/2023,EUROPE,80038,275169197,886,2237269,0.81
5/8/2023,EUROPE,10088,275179285,271,2237540,0.81
5/9/2023,EUROPE,6863,275186148,130,2237670,0.81
5/10/2023,EUROPE,10097,275196245,130,2237800,0.81
5/11/2023,EUROPE,9285,275205530,120,2237920,0.81
5/12/2023,EUROPE,8922,275214452,125,2238045,0.81
5/13/2023,EUROPE,8261,275222713,137,2238182,0.81
5/14/2023,EUROPE,67843,275290556,683,2238865,0.81
5/15/2023,EUROPE,7645,275298201,212,2239077,0.81
5/16/2023,EUROPE,3383,275301584,90,2239167,0.81
5/17/2023,EUROPE,5760,275307344,95,2239262,0.81
5/18/2023,EUROPE,5785,275313129,114,2239376,0.81
5/19/2023,EUROPE,4871,275318000,90,2239466,0.81
5/20/2023,EUROPE,4215,275322215,98,2239564,0.81
5/21/2023,EUROPE,56944,275379159,588,2240152,0.81
5/22/2023,EUROPE,22027,275401186,340,2240492,0.81
5/23/2023,EUROPE,3155,275404341,77,2240569,0.81
5/24/2023,EUROPE,6161,275410502,83,2240652,0.81
5/25/2023,EUROPE,5342,275415844,80,2240732,0.81
5/26/2023,EUROPE,4845,275420689,82,2240814,0.81
5/27/2023,EUROPE,4260,275424949,70,2240884,0.81
5/28/2023,EUROPE,59149,275484098,569,2241453,0.81
5/29/2023,EUROPE,15532,275499630,284,2241737,0.81
5/30/2023,EUROPE,2416,275502046,41,2241778,0.81
5/31/2023,EUROPE,4504,275506550,69,2241847,0.81
6/1/2023,EUROPE,4305,275510855,79,2241926,0.81
6/2/2023,EUROPE,3869,275514724,58,2241984,0.81
6/3/2023,EUROPE,3008,275517732,81,2242065,0.81
6/4/2023,EUROPE,42618,275560350,479,2242544,0.81
6/5/2023,EUROPE,16657,275577007,297,2242841,0.81
6/6/2023,EUROPE,2089,275579096,45,2242886,0.81
6/7/2023,EUROPE,4173,275583269,64,2242950,0.81
6/8/2023,EUROPE,3309,275586578,50,2243000,0.81
6/9/2023,EUROPE,3014,275589592,69,2243069,0.81
6/10/2023,EUROPE,2499,275592091,50,2243119,0.81
6/11/2023,EUROPE,35251,275627342,424,2243543,0.81
6/12/2023,EUROPE,6992,275634334,184,2243727,0.81
6/13/2023,EUROPE,1663,275635997,45,2243772,0.81
6/14/2023,EUROPE,3083,275639080,50,2243822,0.81
6/15/2023,EUROPE,2530,275641610,58,2243880,0.81
6/16/2023,EUROPE,2203,275643813,56,2243936,0.81
6/17/2023,EUROPE,1894,275645707,51,2243987,0.81
6/18/2023,EUROPE,27132,275672839,320,2244307,0.81
6/19/2023,EUROPE,8581,275681420,192,2244499,0.81
6/20/2023,EUROPE,1157,275682577,31,2244530,0.81
6/21/2023,EUROPE,2342,275684919,40,2244570,0.81
6/22/2023,EUROPE,1797,275686716,34,2244604,0.81
6/23/2023,EUROPE,2205,275688921,31,2244635,0.81
6/24/2023,EUROPE,1537,275690458,36,2244671,0.81
6/25/2023,EUROPE,21158,275711616,251,2244922,0.81
6/26/2023,EUROPE,7439,275719055,181,2245103,0.81
6/27/2023,EUROPE,1373,275720428,48,2245151,0.81
6/28/2023,EUROPE,1691,275722119,32,2245183,0.81
6/29/2023,EUROPE,1437,275723556,30,2245213,0.81
6/30/2023,EUROPE,1707,275725263,14,2245227,0.81
7/1/2023,EUROPE,1221,275726484,27,2245254,0.81
7/2/2023,EUROPE,8810,275735294,132,2245386,0.81
7/3/2023,EUROPE,5742,275741036,135,2245521,0.81
7/4/2023,EUROPE,1019,275742055,52,2245573,0.81
7/5/2023,EUROPE,1422,275743477,18,2245591,0.81
7/6/2023,EUROPE,1231,275744708,17,2245608,0.81
7/7/2023,EUROPE,1462,275746170,20,2245628,0.81
7/8/2023,EUROPE,1104,275747274,20,2245648,0.81
7/9/2023,EUROPE,5281,275752555,92,2245740,0.81
7/10/2023,EUROPE,5318,275757873,108,2245848,0.81
7/11/2023,EUROPE,1139,275759012,24,2245872,0.81
7/12/2023,EUROPE,1568,275760580,30,2245902,0.81
7/13/2023,EUROPE,1359,275761939,14,2245916,0.81
7/14/2023,EUROPE,1506,275763445,17,2245933,0.81
7/15/2023,EUROPE,1245,275764690,33,2245966,0.81
7/16/2023,EUROPE,5499,275770189,70,2246036,0.81
7/17/2023,EUROPE,4642,275774831,87,2246123,0.81
7/18/2023,EUROPE,1147,275775978,41,2246164,0.81
7/19/2023,EUROPE,1683,275777661,22,2246186,0.81
7/20/2023,EUROPE,1508,275779169,22,2246208,0.81
7/21/2023,EUROPE,1655,275780824,15,2246223,0.81
7/22/2023,EUROPE,1444,275782268,14,2246237,0.81
7/23/2023,EUROPE,6389,275788657,76,2246313,0.81
7/24/2023,EUROPE,1495,275790152,39,2246352,0.81
7/25/2023,EUROPE,4567,275794719,70,2246422,0.81
7/26/2023,EUROPE,2025,275796744,17,2246439,0.81
7/27/2023,EUROPE,1957,275798701,15,2246454,0.81
7/28/2023,EUROPE,2011,275800712,22,2246476,0.81
7/29/2023,EUROPE,1775,275802487,18,2246494,0.81
7/30/2023,EUROPE,8212,275810699,96,2246590,0.81
7/31/2023,EUROPE,2033,275812732,35,2246625,0.81
8/1/2023,EUROPE,4840,275817572,69,2246694,0.81
8/2/2023,EUROPE,2815,275820387,30,2246724,0.81
8/3/2023,EUROPE,2645,275823032,34,2246758,0.81
8/4/2023,EUROPE,2815,275825847,31,2246789,0.81
8/5/2023,EUROPE,2528,275828375,25,2246814,0.81
8/6/2023,EUROPE,10236,275838611,103,2246917,0.81
8/7/2023,EUROPE,2205,275840816,40,2246957,0.81
8/8/2023,EUROPE,5460,275846276,93,2247050,0.81
8/9/2023,EUROPE,3100,275849376,40,2247090,0.81
8/10/2023,EUROPE,2825,275852201,25,2247115,0.81
8/11/2023,EUROPE,3100,275855301,29,2247144,0.81
8/12/2023,EUROPE,2814,275858115,56,2247200,0.81
8/13/2023,EUROPE,12313,275870428,102,2247302,0.81
8/14/2023,EUROPE,3000,275873428,55,2247357,0.81
8/15/2023,EUROPE,6034,275879462,84,2247441,0.81
8/16/2023,EUROPE,3468,275882930,35,2247476,0.81
8/17/2023,EUROPE,2695,275885625,34,2247510,0.81
8/18/2023,EUROPE,4220,275889845,54,2247564,0.81
8/19/2023,EUROPE,3791,275893636,47,2247611,0.81
8/20/2023,EUROPE,15706,275909342,133,2247744,0.81
8/21/2023,EUROPE,4111,275913453,79,2247823,0.81
8/22/2023,EUROPE,7503,275920956,80,2247903,0.81
8/23/2023,EUROPE,5517,275926473,51,2247954,0.81
8/24/2023,EUROPE,5001,275931474,45,2247999,0.81
8/25/2023,EUROPE,4754,275936228,48,2248047,0.81
8/26/2023,EUROPE,4293,275940521,49,2248096,0.81
8/27/2023,EUROPE,19905,275960426,170,2248266,0.81
8/28/2023,EUROPE,4329,275964755,60,2248326,0.81
8/29/2023,EUROPE,8253,275973008,72,2248398,0.81
8/30/2023,EUROPE,6034,275979042,46,2248444,0.81
8/31/2023,EUROPE,5360,275984402,54,2248498,0.81
9/1/2023,EUROPE,5869,275990271,59,2248557,0.81
9/2/2023,EUROPE,5204,275995475,39,2248596,0.81
9/3/2023,EUROPE,23344,276018819,151,2248747,0.81
9/4/2023,EUROPE,5800,276024619,34,2248781,0.81
9/5/2023,EUROPE,11090,276035709,58,2248839,0.81
9/6/2023,EUROPE,9095,276044804,15,2248854,0.81
9/7/2023,EUROPE,7698,276052502,25,2248879,0.81
9/8/2023,EUROPE,7638,276060140,44,2248923,0.81
9/9/2023,EUROPE,7043,276067183,12,2248935,0.81
9/10/2023,EUROPE,27514,276094697,130,2249065,0.81
9/11/2023,EUROPE,7391,276102088,44,2249109,0.81
9/12/2023,EUROPE,14598,276116686,64,2249173,0.81
9/13/2023,EUROPE,12144,276128830,21,2249194,0.81
9/14/2023,EUROPE,9640,276138470,26,2249220,0.81
9/15/2023,EUROPE,9131,276147601,34,2249254,0.81
9/16/2023,EUROPE,8256,276155857,22,2249276,0.81
9/17/2023,EUROPE,33640,276189497,152,2249428,0.81
9/18/2023,EUROPE,7995,276197492,53,2249481,0.81
9/19/2023,EUROPE,19335,276216827,71,2249552,0.81
9/20/2023,EUROPE,12745,276229572,30,2249582,0.81
9/21/2023,EUROPE,10285,276239857,47,2249629,0.81
9/22/2023,EUROPE,10301,276250158,55,2249684,0.81
9/23/2023,EUROPE,9092,276259250,25,2249709,0.81
9/24/2023,EUROPE,37682,276296932,104,2249813,0.81
9/25/2023,EUROPE,9221,276306153,31,2249844,0.81
9/26/2023,EUROPE,24251,276330404,100,2249944,0.81
9/27/2023,EUROPE,12892,276343296,27,2249971,0.81
9/28/2023,EUROPE,9614,276352910,50,2250021,0.81
9/29/2023,EUROPE,1398,276354308,48,2250069,0.81
9/30/2023,EUROPE,1033,276355341,3,2250072,0.81
10/1/2023,EUROPE,545,276355886,11,2250083,0.81
10/2/2023,EUROPE,114,276356000,2,2250085,0.81
10/3/2023,EUROPE,22727,276378727,65,2250150,0.81
10/4/2023,EUROPE,0,276378727,0,2250150,0.81
10/5/2023,EUROPE,0,276378727,0,2250150,0.81
10/6/2023,EUROPE,0,276378727,0,2250150,0.81
10/7/2023,EUROPE,0,276378727,0,2250150,0.81
10/8/2023,EUROPE,0,276378727,0,2250150,0.81
10/9/2023,EUROPE,0,276378727,0,2250150,0.81
10/10/2023,EUROPE,0,276378727,0,2250150,0.81
10/11/2023,EUROPE,0,276378727,0,2250150,0.81
10/12/2023,EUROPE,0,276378727,0,2250150,0.81
